{
  "brand": "Figure-8",
  "colors": {
    "bg": "#0b1020",
    "panel": "#111827",
    "text": "#e5e7eb",
    "muted": "#9ca3af",
    "primary": "#22c55e",
    "accent": "#f59e0b",
    "danger": "#ef4444",
    "warning": "#f59e0b",
    "info": "#38bdf8",
    "focus": "#a78bfa"
  },
  "fonts": {
    "base": "'Inter', system-ui, -apple-system, Segoe UI, Roboto, Ubuntu, Cantarell, Noto Sans, Helvetica Neue, Arial, sans-serif",
    "mono": "ui-monospace, SFMono-Regular, Menlo, Monaco, Consolas, Liberation Mono, monospace"
  }
}